Event,Gender,Year,Position,Athlete,Country,Time,Time(seconds)
100 metres,Men,1896,1,Tom Burke,USA,12,12.0
100 metres,Men,1896,2,Fritz Hofmann,GER,nan,
100 metres,Men,1896,3,Alajos Szokoly,HUN,nan,
100 metres,Men,1900,1,Frank Jarvis,USA,11.0,11.0
100 metres,Men,1900,2,Walter Tewksbury,USA,nan,
100 metres,Men,1900,3,Stan Rowley,AUS,nan,
100 metres,Men,1904,1,Archie Hahn,USA,11.0,11.0
100 metres,Men,1904,2,Nate Cartmell,USA,11.2,11.2
100 metres,Men,1904,3,Bill Hogenson,USA,11.2,11.2
100 metres,Men,1906,1,Archie Hahn,USA,11.2,11.2
100 metres,Men,1906,2,Fay Moulton,USA,nan,
100 metres,Men,1906,3,Nigel Barker,AUS,nan,
100 metres,Men,1908,1,Reggie Walker,RSA,10.8,10.8
100 metres,Men,1908,2,James Rector,USA,nan,
100 metres,Men,1908,3,Bobby Kerr,CAN,11.0,11.0
100 metres,Men,1912,1,Ralph Craig,USA,10.8,10.8
100 metres,Men,1912,2,Alvah Meyer,USA,10.9,10.9
100 metres,Men,1912,3,Donald Lippincott,USA,10.9,10.9
100 metres,Men,1920,1,Charley Paddock,USA,10.8,10.8
100 metres,Men,1920,2,Morris Kirksey,USA,nan,
100 metres,Men,1920,3,Harry Edward,GBR,10.9,10.9
100 metres,Men,1924,1,Harold Abrahams,GBR,10.6,10.6
100 metres,Men,1924,2,Jackson Scholz,USA,10.7,10.7
100 metres,Men,1924,3,Arthur Porritt,NZL,10.8,10.8
100 metres,Men,1928,1,Percy Williams,CAN,10.8,10.8
100 metres,Men,1928,2,Jack London,GBR,10.9,10.9
100 metres,Men,1928,3,Georg Lammers,GER,10.9,10.9
100 metres,Men,1932,1,Eddie Tolan,USA,10.3,10.3
100 metres,Men,1932,2,Ralph Metcalfe,USA,10.3,10.3
100 metres,Men,1932,3,Arthur Jonath,GER,10.4,10.4
100 metres,Men,1936,1,Jesse Owens,USA,10.3,10.3
100 metres,Men,1936,2,Ralph Metcalfe,USA,10.4,10.4
100 metres,Men,1936,3,Tinus Osendarp,NED,10.5,10.5
100 metres,Men,1948,1,Harrison Dillard,USA,10.3,10.3
100 metres,Men,1948,2,Barney Ewell,USA,10.4,10.4
100 metres,Men,1948,3,Lloyd LaBeach,PAN,10.6,10.6
100 metres,Men,1952,1,Lindy Remigino,USA,10.4,10.4
100 metres,Men,1952,2,Herb McKenley,JAM,10.4,10.4
100 metres,Men,1952,3,McDonald Bailey,GBR,10.4,10.4
100 metres,Men,1956,1,Bobby Joe Morrow,USA,10.5,10.5
100 metres,Men,1956,2,Thane Baker,USA,10.5,10.5
100 metres,Men,1956,3,Hec Hogan,AUS,10.6,10.6
100 metres,Men,1960,1,Armin Hary,GER,10.2,10.2
100 metres,Men,1960,2,Dave Sime,USA,10.2,10.2
100 metres,Men,1960,3,Peter Radford,GBR,10.3,10.3
100 metres,Men,1964,1,Bob Hayes,USA,10.0,10.0
100 metres,Men,1964,2,Enrique Figuerola,CUB,10.2,10.2
100 metres,Men,1964,3,Harry Jerome,CAN,10.2,10.2
100 metres,Men,1968,1,Jim Hines,USA,9.9,9.9
100 metres,Men,1968,2,Lennox Miller,JAM,10.0,10.0
100 metres,Men,1968,3,Charlie Greene,USA,10.0,10.0
100 metres,Men,1972,1,Valery Borzov,URS,10.14,10.14
100 metres,Men,1972,2,Robert Taylor,USA,10.24,10.24
100 metres,Men,1972,3,Lennox Miller,JAM,10.33,10.33
100 metres,Men,1976,1,Hasely Crawford,TTO,10.06,10.06
100 metres,Men,1976,2,Don Quarrie,JAM,10.08,10.08
100 metres,Men,1976,3,Valery Borzov,URS,10.14,10.14
100 metres,Men,1980,1,Allan Wells,GBR,10.25,10.25
100 metres,Men,1980,2,Silvio Leonard,CUB,10.25,10.25
100 metres,Men,1980,3,Petar Petrov,BUL,10.39,10.39
100 metres,Men,1984,1,Carl Lewis,USA,9.99,9.99
100 metres,Men,1984,2,Sam Graddy,USA,10.19,10.19
100 metres,Men,1984,3,Ben Johnson,CAN,10.22,10.22
100 metres,Men,1988,1,Carl Lewis,USA,9.92,9.92
100 metres,Men,1988,2,Linford Christie,GBR,9.97,9.97
100 metres,Men,1988,3,Calvin Smith,USA,9.99,9.99
100 metres,Men,1992,1,Linford Christie,GBR,9.96,9.96
100 metres,Men,1992,2,Frankie Fredericks,NAM,10.02,10.02
100 metres,Men,1992,3,Dennis Mitchell,USA,10.04,10.04
100 metres,Men,1996,1,Donovan Bailey,CAN,9.84,9.84
100 metres,Men,1996,2,Frankie Fredericks,NAM,9.89,9.89
100 metres,Men,1996,3,Ato Boldon,TTO,9.90,9.9
100 metres,Men,2000,1,Maurice Greene,USA,9.87,9.87
100 metres,Men,2000,2,Ato Boldon,TTO,9.99,9.99
100 metres,Men,2000,3,Obadele Thompson,BAR,10.04,10.04
100 metres,Men,2004,1,Justin Gatlin,USA,9.85,9.85
100 metres,Men,2004,2,Francis Obikwelu,POR,9.86,9.86
100 metres,Men,2004,3,Maurice Greene,USA,9.87,9.87
100 metres,Men,2008,1,Usain Bolt,JAM,9.69,9.69
100 metres,Men,2008,2,Richard Thompson,TTO,9.89,9.89
100 metres,Men,2008,3,Walter Dix,USA,9.91,9.91
100 metres,Men,2012,1,Usain Bolt,JAM,9.63,9.63
100 metres,Men,2012,2,Yohan Blake,JAM,9.75,9.75
100 metres,Men,2012,3,Justin Gatlin,USA,9.79,9.79
100 metres,Men,2016,1,Usain Bolt,JAM,9.81,9.81
100 metres,Men,2016,2,Justin Gatlin,USA,9.89,9.89
100 metres,Men,2016,3,Andre De Grasse,CAN,9.91,9.91
100 metres,Women,1928,1,Betty Robinson,USA,12.2,12.2
100 metres,Women,1928,2,Bobby Rosenfeld,CAN,12.3,12.3
100 metres,Women,1928,3,Ethel Smith,CAN,12.3,12.3
100 metres,Women,1932,1,Stanisława Walasiewicz,POL,11.9,11.9
100 metres,Women,1932,2,Hilda Strike,CAN,11.9,11.9
100 metres,Women,1932,3,Billie von Bremen,USA,12.0,12.0
100 metres,Women,1936,1,Helen Stephens,USA,11.5,11.5
100 metres,Women,1936,2,Stanisława Walasiewicz,POL,11.7,11.7
100 metres,Women,1936,3,Käthe Krauß,GER,11.9,11.9
100 metres,Women,1948,1,Fanny Blankers-Koen,NED,11.9,11.9
100 metres,Women,1948,2,Dorothy Manley,GBR,12.2,12.2
100 metres,Women,1948,3,Shirley Strickland,AUS,12.2,12.2
100 metres,Women,1952,1,Marjorie Jackson,AUS,11.5,11.5
100 metres,Women,1952,2,Daphne Hasenjäger,RSA,11.8,11.8
100 metres,Women,1952,3,Shirley Strickland de la Hunty,AUS,11.9,11.9
100 metres,Women,1956,1,Betty Cuthbert,AUS,11.5,11.5
100 metres,Women,1956,2,Christa Stubnick,GER,11.7,11.7
100 metres,Women,1956,3,Marlene Mathews,AUS,11.7,11.7
100 metres,Women,1960,1,Wilma Rudolph,USA,11.0,11.0
100 metres,Women,1960,2,Dorothy Hyman,GBR,11.3,11.3
100 metres,Women,1960,3,Giuseppina Leone,ITA,11.3,11.3
100 metres,Women,1964,1,Wyomia Tyus,USA,11.4,11.4
100 metres,Women,1964,2,Edith McGuire,USA,11.6,11.6
100 metres,Women,1964,3,Ewa Kłobukowska,POL,11.6,11.6
100 metres,Women,1968,1,Wyomia Tyus,USA,11.0,11.0
100 metres,Women,1968,2,Barbara Ferrell,USA,11.1,11.1
100 metres,Women,1968,3,Irena Szewińska,POL,11.1,11.1
100 metres,Women,1972,1,Renate Stecher,GDR,11.07,11.07
100 metres,Women,1972,2,Raelene Boyle,AUS,11.23,11.23
100 metres,Women,1972,3,Silvia Chivás,CUB,11.24,11.24
100 metres,Women,1976,1,Annegret Richter,FRG,11.08,11.08
100 metres,Women,1976,2,Renate Stecher,GDR,11.13,11.13
100 metres,Women,1976,3,Inge Helten,FRG,11.17,11.17
100 metres,Women,1980,1,Lyudmila Kondratyeva,URS,11.06,11.06
100 metres,Women,1980,2,Marlies Göhr,GDR,11.07,11.07
100 metres,Women,1980,3,Ingrid Auerswald,GDR,11.14,11.14
100 metres,Women,1984,1,Evelyn Ashford,USA,10.97,10.97
100 metres,Women,1984,2,Alice Brown,USA,11.13,11.13
100 metres,Women,1984,3,Merlene Ottey-Page,JAM,11.16,11.16
100 metres,Women,1988,1,Florence Griffith Joyner,USA,10.54,10.54
100 metres,Women,1988,2,Evelyn Ashford,USA,10.83,10.83
100 metres,Women,1988,3,Heike Drechsler,GDR,10.85,10.85
100 metres,Women,1992,1,Gail Devers,USA,10.82,10.82
100 metres,Women,1992,2,Juliet Cuthbert,JAM,10.83,10.83
100 metres,Women,1992,3,Irina Privalova,EUN,10.84,10.84
100 metres,Women,1996,1,Gail Devers,USA,10.94,10.94
100 metres,Women,1996,2,Merlene Ottey,JAM,10.94,10.94
100 metres,Women,1996,3,Gwen Torrence,USA,10.96,10.96
100 metres,Women,2000,1,Aikaterini Thanou,GRE,11.12,11.12
100 metres,Women,2000,2,Tayna Lawrence,JAM,11.18,11.18
100 metres,Women,2000,3,Merlene Ottey,JAM,11.19,11.19
100 metres,Women,2004,1,Yuliya Nestsiarenka,BLR,10.93,10.93
100 metres,Women,2004,2,Lauryn Williams,USA,10.96,10.96
100 metres,Women,2004,3,Veronica Campbell,JAM,10.97,10.97
100 metres,Women,2008,1,Shelly-Ann Fraser,JAM,10.78,10.78
100 metres,Women,2008,2,Sherone Simpson,JAM,10.98,10.98
100 metres,Women,2008,2,Kerron Stewart,JAM,10.98,10.98
100 metres,Women,2012,1,Shelly-Ann Fraser-Pryce,JAM,10.75,10.75
100 metres,Women,2012,2,Carmelita Jeter,USA,10.78,10.78
100 metres,Women,2012,3,Veronica Campbell-Brown,JAM,10.81,10.81
100 metres,Women,2016,1,Elaine Thompson,JAM,10.71,10.71
100 metres,Women,2016,2,Tori Bowie,USA,10.83,10.83
100 metres,Women,2016,3,Shelly-Ann Fraser-Pryce,JAM,10.86,10.86
200 metres,Men,1900,1,Walter Tewksbury,USA,22.2,22.2
200 metres,Men,1900,2,Norman Pritchard,IND,nan,
200 metres,Men,1900,3,Stan Rowley,AUS,nan,
200 metres,Men,1904,1,Archie Hahn,USA,21.6,21.6
200 metres,Men,1904,2,Nate Cartmell,USA,21.9,21.9
200 metres,Men,1904,3,Bill Hogenson,USA,nan,
200 metres,Men,1908,1,Bobby Kerr,CAN,22.6,22.6
200 metres,Men,1908,2,Bobby Cloughen,USA,nan,
200 metres,Men,1908,3,Nate Cartmell,USA,22.7,22.7
200 metres,Men,1912,1,Ralph Craig,USA,21.7,21.7
200 metres,Men,1912,2,Donald Lippincott,USA,21.8,21.8
200 metres,Men,1912,3,Willie Applegarth,GBR,21.9,21.9
200 metres,Men,1920,1,Allen Woodring,USA,22.0,22.0
200 metres,Men,1920,2,Charley Paddock,USA,nan,
200 metres,Men,1920,3,Harry Edward,GBR,nan,
200 metres,Men,1924,1,Jackson Scholz,USA,21.6,21.6
200 metres,Men,1924,2,Charley Paddock,USA,21.7,21.7
200 metres,Men,1924,3,Eric Liddell,GBR,21.9,21.9
200 metres,Men,1928,1,Percy Williams,CAN,21.8,21.8
200 metres,Men,1928,2,Walter Rangeley,GBR,21.9,21.9
200 metres,Men,1928,3,Helmut Körnig,GER,21.9,21.9
200 metres,Men,1932,1,Eddie Tolan,USA,21.2,21.2
200 metres,Men,1932,2,George Simpson,USA,21.4,21.4
200 metres,Men,1932,3,Ralph Metcalfe,USA,21.5,21.5
200 metres,Men,1936,1,Jesse Owens,USA,20.7,20.7
200 metres,Men,1936,2,Mack Robinson,USA,21.1,21.1
200 metres,Men,1936,3,Tinus Osendarp,NED,21.3,21.3
200 metres,Men,1948,1,Mel Patton,USA,21.1,21.1
200 metres,Men,1948,2,Barney Ewell,USA,21.1,21.1
200 metres,Men,1948,3,Lloyd LaBeach,PAN,21.2,21.2
200 metres,Men,1952,1,Andy Stanfield,USA,20.7,20.7
200 metres,Men,1952,2,Thane Baker,USA,20.8,20.8
200 metres,Men,1952,3,Jimmy Gathers,USA,20.8,20.8
200 metres,Men,1956,1,Bobby Joe Morrow,USA,20.6,20.6
200 metres,Men,1956,2,Andy Stanfield,USA,20.7,20.7
200 metres,Men,1956,3,Thane Baker,USA,20.9,20.9
200 metres,Men,1960,1,Livio Berruti,ITA,20.5,20.5
200 metres,Men,1960,2,Les Carney,USA,20.6,20.6
200 metres,Men,1960,3,Abdou Sèye,FRA,20.7,20.7
200 metres,Men,1964,1,Henry Carr,USA,20.3,20.3
200 metres,Men,1964,2,Paul Drayton,USA,20.5,20.5
200 metres,Men,1964,3,Edwin Roberts,TTO,20.6,20.6
200 metres,Men,1968,1,Tommie Smith,USA,19.8,19.8
200 metres,Men,1968,2,Peter Norman,AUS,20.0,20.0
200 metres,Men,1968,3,John Carlos,USA,20.0,20.0
200 metres,Men,1972,1,Valery Borzov,URS,20.00,20.0
200 metres,Men,1972,2,Larry Black,USA,20.19,20.19
200 metres,Men,1972,3,Pietro Mennea,ITA,20.30,20.3
200 metres,Men,1976,1,Don Quarrie,JAM,20.23,20.23
200 metres,Men,1976,2,Millard Hampton,USA,20.29,20.29
200 metres,Men,1976,3,Dwayne Evans,USA,20.43,20.43
200 metres,Men,1980,1,Pietro Mennea,ITA,20.19,20.19
200 metres,Men,1980,2,Allan Wells,GBR,20.21,20.21
200 metres,Men,1980,3,Don Quarrie,JAM,20.29,20.29
200 metres,Men,1984,1,Carl Lewis,USA,19.80,19.8
200 metres,Men,1984,2,Kirk Baptiste,USA,19.96,19.96
200 metres,Men,1984,3,Thomas Jefferson,USA,20.26,20.26
200 metres,Men,1988,1,Joe DeLoach,USA,19.75,19.75
200 metres,Men,1988,2,Carl Lewis,USA,19.79,19.79
200 metres,Men,1988,3,Róbson Caetano da Silva,BRA,20.04,20.04
200 metres,Men,1992,1,Mike Marsh,USA,20.01,20.01
200 metres,Men,1992,2,Frankie Fredericks,NAM,20.13,20.13
200 metres,Men,1992,3,Michael Bates,USA,20.38,20.38
200 metres,Men,1996,1,Michael Johnson,USA,19.32,19.32
200 metres,Men,1996,2,Frankie Fredericks,NAM,19.68,19.68
200 metres,Men,1996,3,Ato Boldon,TTO,19.80,19.8
200 metres,Men,2000,1,Kostas Kenteris,GRE,20.09,20.09
200 metres,Men,2000,2,Darren Campbell,GBR,20.14,20.14
200 metres,Men,2000,3,Ato Boldon,TTO,20.20,20.2
200 metres,Men,2004,1,Shawn Crawford,USA,19.79,19.79
200 metres,Men,2004,2,"Bernard Williams, III",USA,20.01,20.01
200 metres,Men,2004,3,Justin Gatlin,USA,20.03,20.03
200 metres,Men,2008,1,Usain Bolt,JAM,19.30,19.3
200 metres,Men,2008,2,Shawn Crawford,USA,19.96,19.96
200 metres,Men,2008,3,Walter Dix,USA,19.98,19.98
200 metres,Men,2012,1,Usain Bolt,JAM,19.32,19.32
200 metres,Men,2012,2,Yohan Blake,JAM,19.44,19.44
200 metres,Men,2012,3,Warren Weir,JAM,19.84,19.84
200 metres,Men,2016,1,Usain Bolt,JAM,19.78,19.78
200 metres,Men,2016,2,Andre De Grasse,CAN,20.02,20.02
200 metres,Men,2016,3,Christophe Lemaître,FRA,20.12,20.12
200 metres,Women,1948,1,Fanny Blankers-Koen,NED,24.4,24.4
200 metres,Women,1948,2,Audrey Williamson,GBR,25.1,25.1
200 metres,Women,1948,3,Shirley Strickland,AUS,25.3,25.3
200 metres,Women,1952,1,Marjorie Jackson,AUS,23.7,23.7
200 metres,Women,1952,2,Puck Brouwer,NED,24.2,24.2
200 metres,Women,1952,3,Nadezhda Khnik'ina,URS,24.2,24.2
200 metres,Women,1956,1,Betty Cuthbert,AUS,23.4,23.4
200 metres,Women,1956,2,Christa Stubnick,GER,23.7,23.7
200 metres,Women,1956,3,Marlene Mathews,AUS,23.8,23.8
200 metres,Women,1960,1,Wilma Rudolph,USA,24.0,24.0
200 metres,Women,1960,2,Jutta Heine,GER,24.4,24.4
200 metres,Women,1960,3,Dorothy Hyman,GBR,24.7,24.7
200 metres,Women,1964,1,Edith McGuire,USA,23.0,23.0
200 metres,Women,1964,2,Irena Kirszenstein,POL,23.1,23.1
200 metres,Women,1964,3,Marilyn Black,AUS,23.1,23.1
200 metres,Women,1968,1,Irena Szewińska,POL,22.5,22.5
200 metres,Women,1968,2,Raelene Boyle,AUS,22.7,22.7
200 metres,Women,1968,3,Jennifer Lamy,AUS,22.8,22.8
200 metres,Women,1972,1,Renate Stecher,GDR,22.40,22.4
200 metres,Women,1972,2,Raelene Boyle,AUS,22.45,22.45
200 metres,Women,1972,3,Irena Szewińska,POL,22.74,22.74
200 metres,Women,1976,1,Bärbel Eckert,GDR,22.37,22.37
200 metres,Women,1976,2,Annegret Richter,FRG,22.39,22.39
200 metres,Women,1976,3,Renate Stecher,GDR,22.47,22.47
200 metres,Women,1980,1,Bärbel Wöckel,GDR,22.03,22.03
200 metres,Women,1980,2,Nataliya Bochina,URS,22.19,22.19
200 metres,Women,1980,3,Merlene Ottey,JAM,22.20,22.2
200 metres,Women,1984,1,Valerie Brisco-Hooks,USA,21.81,21.81
200 metres,Women,1984,2,Florence Griffith,USA,22.04,22.04
200 metres,Women,1984,3,Merlene Ottey-Page,JAM,22.09,22.09
200 metres,Women,1988,1,Florence Griffith Joyner,USA,21.34,21.34
200 metres,Women,1988,2,Grace Jackson,JAM,21.72,21.72
200 metres,Women,1988,3,Heike Drechsler,GDR,21.95,21.95
200 metres,Women,1992,1,Gwen Torrence,USA,21.81,21.81
200 metres,Women,1992,2,Juliet Cuthbert,JAM,22.02,22.02
200 metres,Women,1992,3,Merlene Ottey,JAM,22.09,22.09
200 metres,Women,1996,1,Marie-José Pérec,FRA,22.12,22.12
200 metres,Women,1996,2,Merlene Ottey,JAM,22.24,22.24
200 metres,Women,1996,3,Mary Onyali,NGR,22.38,22.38
200 metres,Women,2000,1,Pauline Davis-Thompson,BAH,22.27,22.27
200 metres,Women,2000,2,Susanthika Jayasinghe,SRI,22.28,22.28
200 metres,Women,2000,3,Beverly McDonald,JAM,22.35,22.35
200 metres,Women,2004,1,Veronica Campbell,JAM,22.05,22.05
200 metres,Women,2004,2,Allyson Felix,USA,22.18,22.18
200 metres,Women,2004,3,Debbie Ferguson,BAH,22.30,22.3
200 metres,Women,2008,1,Veronica Campbell-Brown,JAM,21.74,21.74
200 metres,Women,2008,2,Allyson Felix,USA,21.93,21.93
200 metres,Women,2008,3,Kerron Stewart,JAM,22.00,22.0
200 metres,Women,2012,1,Allyson Felix,USA,21.88,21.88
200 metres,Women,2012,2,Shelly-Ann Fraser-Pryce,JAM,22.09,22.09
200 metres,Women,2012,3,Carmelita Jeter,USA,22.14,22.14
200 metres,Women,2016,1,Elaine Thompson,JAM,21.78,21.78
200 metres,Women,2016,2,Dafne Schippers,NED,21.88,21.88
200 metres,Women,2016,3,Tori Bowie,USA,22.15,22.15
400 metres,Men,1896,1,Tom Burke,USA,54.2,54.2
400 metres,Men,1896,2,Herbert Jamison,USA,55.2,55.2
400 metres,Men,1896,3,Charles Gmelin,GBR,nan,
400 metres,Men,1900,1,Maxey Long,USA,49.4,49.4
400 metres,Men,1900,2,Bill Holland,USA,nan,
400 metres,Men,1900,3,Ernst Schultz,DEN,nan,
400 metres,Men,1906,1,Paul Pilgrim,USA,53.2,53.2
400 metres,Men,1906,2,Wyndham Halswelle,GBR,nan,
400 metres,Men,1906,3,Nigel Barker,AUS,nan,
400 metres,Men,1912,1,Charles Reidpath,USA,48.2,48.2
400 metres,Men,1912,2,Hanns Braun,GER,48.3,48.3
400 metres,Men,1912,3,Ed Lindberg,USA,48.4,48.4
400 metres,Men,1920,1,Bevil Rudd,RSA,49.6,49.6
400 metres,Men,1920,2,Guy Butler,GBR,nan,
400 metres,Men,1920,3,Nils Engdahl,SWE,50.2,50.2
400 metres,Men,1924,1,Eric Liddell,GBR,47.6,47.6
400 metres,Men,1924,2,Ray Fitch,USA,48.4,48.4
400 metres,Men,1924,3,Guy Butler,GBR,48.6,48.6
400 metres,Men,1928,1,Ray Barbuti,USA,47.8,47.8
400 metres,Men,1928,2,Jimmy Ball,CAN,48.0,48.0
400 metres,Men,1928,3,Jochen Büchner,GER,48.2,48.2
400 metres,Men,1932,1,Bill Carr,USA,46.2,46.2
400 metres,Men,1932,2,Ben Eastman,USA,46.4,46.4
400 metres,Men,1932,3,Alex Wilson,CAN,47.4,47.4
400 metres,Men,1936,1,Archie Williams,USA,46.5,46.5
400 metres,Men,1936,2,Godfrey Brown,GBR,46.7,46.7
400 metres,Men,1936,3,Jimmy Lu Valle,USA,46.8,46.8
400 metres,Men,1948,1,Arthur Wint,JAM,46.2,46.2
400 metres,Men,1948,2,Herb McKenley,JAM,46.4,46.4
400 metres,Men,1948,3,Mal Whitfield,USA,46.9,46.9
400 metres,Men,1952,1,George Rhoden,JAM,45.9,45.9
400 metres,Men,1952,2,Herb McKenley,JAM,45.9,45.9
400 metres,Men,1952,3,Ollie Matson,USA,46.8,46.8
400 metres,Men,1956,1,Charlie Jenkins,USA,46.7,46.7
400 metres,Men,1956,2,Karl-Friedrich Haas,GER,46.8,46.8
400 metres,Men,1956,3,Voitto Hellstén,FIN,47.0,47.0
400 metres,Men,1960,1,Otis Davis,USA,44.9,44.9
400 metres,Men,1960,2,Carl Kaufmann,GER,44.9,44.9
400 metres,Men,1960,3,Malcolm Spence,RSA,45.5,45.5
400 metres,Men,1964,1,Mike Larrabee,USA,45.1,45.1
400 metres,Men,1964,2,Wendell Mottley,TTO,45.2,45.2
400 metres,Men,1964,3,Andrzej Badeński,POL,45.6,45.6
400 metres,Men,1968,1,Lee Evans,USA,43.8,43.8
400 metres,Men,1968,2,Larry James,USA,43.9,43.9
400 metres,Men,1968,3,Ron Freeman,USA,44.4,44.4
400 metres,Men,1972,1,Vince Matthews,USA,44.66,44.66
400 metres,Men,1972,2,Wayne Collett,USA,44.80,44.8
400 metres,Men,1972,3,Julius Sang,KEN,44.92,44.92
400 metres,Men,1976,1,Alberto Juantorena,CUB,44.26,44.26
400 metres,Men,1976,2,Fred Newhouse,USA,44.40,44.4
400 metres,Men,1976,3,Herman Frazier,USA,44.95,44.95
400 metres,Men,1980,1,Viktor Markin,URS,44.60,44.6
400 metres,Men,1980,2,Rick Mitchell,AUS,44.84,44.84
400 metres,Men,1980,3,Frank Schaffer,GDR,44.87,44.87
400 metres,Men,1984,1,Alonzo Babers,USA,44.27,44.27
400 metres,Men,1984,2,Gabriel Tiacoh,CIV,44.54,44.54
400 metres,Men,1984,3,Antonio McKay,USA,44.71,44.71
400 metres,Men,1988,1,Steve Lewis,USA,43.87,43.87
400 metres,Men,1988,2,Butch Reynolds,USA,43.93,43.93
400 metres,Men,1988,3,Danny Everett,USA,44.09,44.09
400 metres,Men,1992,1,Quincy Watts,USA,43.50,43.5
400 metres,Men,1992,2,Steve Lewis,USA,44.21,44.21
400 metres,Men,1992,3,Samson Kitur,KEN,44.24,44.24
400 metres,Men,1996,1,Michael Johnson,USA,43.49,43.49
400 metres,Men,1996,2,Roger Black,GBR,44.41,44.41
400 metres,Men,1996,3,Davis Kamoga,UGA,44.53,44.53
400 metres,Men,2000,1,Michael Johnson,USA,43.84,43.84
400 metres,Men,2000,2,Alvin Harrison,USA,44.40,44.4
400 metres,Men,2000,3,Greg Haughton,JAM,44.70,44.7
400 metres,Men,2004,1,Jeremy Wariner,USA,44.00,44.0
400 metres,Men,2004,2,Otis Harris,USA,44.16,44.16
400 metres,Men,2004,3,Derrick Brew,USA,44.42,44.42
400 metres,Men,2008,1,LaShawn Merritt,USA,43.75,43.75
400 metres,Men,2008,2,Jeremy Wariner,USA,44.74,44.74
400 metres,Men,2008,3,David Neville,USA,44.80,44.8
400 metres,Men,2012,1,Kirani James,GRN,43.94,43.94
400 metres,Men,2012,2,Luguelín Santos,DOM,44.46,44.46
400 metres,Men,2012,3,Lalonde Gordon,TTO,44.52,44.52
400 metres,Men,2016,1,Wayde van Niekerk,RSA,43.03,43.03
400 metres,Men,2016,2,Kirani James,GRN,43.76,43.76
400 metres,Men,2016,3,LaShawn Merritt,USA,43.85,43.85
400 metres,Women,1964,1,Betty Cuthbert,AUS,52.0,52.0
400 metres,Women,1964,2,Ann Packer,GBR,52.2,52.2
400 metres,Women,1964,3,Judy Amoore,AUS,53.4,53.4
400 metres,Women,1968,1,Colette Besson,FRA,52.0,52.0
400 metres,Women,1968,2,Lillian Board,GBR,52.1,52.1
400 metres,Women,1968,3,Nataliya Pechenkina,URS,52.2,52.2
400 metres,Women,1972,1,Monika Zehrt,GDR,51.08,51.08
400 metres,Women,1972,2,Rita Wilden,FRG,51.21,51.21
400 metres,Women,1972,3,Kathy Hammond,USA,51.64,51.64
400 metres,Women,1976,1,Irena Szewińska,POL,49.28,49.28
400 metres,Women,1976,2,Christina Brehmer,GDR,50.51,50.51
400 metres,Women,1976,3,Ellen Streidt,GDR,50.55,50.55
400 metres,Women,1980,1,Marita Koch,GDR,48.88,48.88
400 metres,Women,1980,2,Jarmila Kratochvílová,TCH,49.46,49.46
400 metres,Women,1980,3,Christina Lathan,GDR,49.66,49.66
400 metres,Women,1984,1,Valerie Brisco-Hooks,USA,48.83,48.83
400 metres,Women,1984,2,Chandra Cheeseborough,USA,49.05,49.05
400 metres,Women,1984,3,Kathy Cook,GBR,49.43,49.43
400 metres,Women,1988,1,Olga Bryzgina,URS,48.65,48.65
400 metres,Women,1988,2,Petra Müller,GDR,49.45,49.45
400 metres,Women,1988,3,Olga Nazarova,URS,49.90,49.9
400 metres,Women,1992,1,Marie-José Pérec,FRA,48.83,48.83
400 metres,Women,1992,2,Olga Bryzgina,EUN,49.05,49.05
400 metres,Women,1992,3,Ximena Restrepo,COL,49.64,49.64
400 metres,Women,1996,1,Marie-José Pérec,FRA,48.25,48.25
400 metres,Women,1996,2,Cathy Freeman,AUS,48.63,48.63
400 metres,Women,1996,3,Falilat Ogunkoya,NGR,49.10,49.1
400 metres,Women,2000,1,Cathy Freeman,AUS,49.11,49.11
400 metres,Women,2000,2,Lorraine Graham,JAM,49.58,49.58
400 metres,Women,2000,3,Katharine Merry,GBR,49.72,49.72
400 metres,Women,2004,1,Tonique Williams-Darling,BAH,49.41,49.41
400 metres,Women,2004,2,Ana Guevara,MEX,49.56,49.56
400 metres,Women,2004,3,Nataliya Antyukh,RUS,49.89,49.89
400 metres,Women,2008,1,Christine Ohuruogu,GBR,49.62,49.62
400 metres,Women,2008,2,Shericka Williams,JAM,49.69,49.69
400 metres,Women,2008,3,Sanya Richards-Ross,USA,49.93,49.93
400 metres,Women,2012,1,Sanya Richards-Ross,USA,49.55,49.55
400 metres,Women,2012,2,Christine Ohuruogu,GBR,49.70,49.7
400 metres,Women,2012,3,DeeDee Trotter,USA,49.72,49.72
400 metres,Women,2016,1,Shaunae Miller-Uibo,BAH,49.44,49.44
400 metres,Women,2016,2,Allyson Felix,USA,49.51,49.51
400 metres,Women,2016,3,Shericka Jackson,JAM,49.85,49.85
800 metres,Men,1896,1,Teddy Flack,AUS,2:11,131.0
800 metres,Men,1896,2,Nándor Dáni,HUN,2:11.8,131.8
800 metres,Men,1896,3,Dimitrios Golemis,GRE,nan,
800 metres,Men,1900,1,Alfred Tysoe,GBR,2:01.2,121.2
800 metres,Men,1900,2,John Cregan,USA,nan,
800 metres,Men,1900,3,Dave Hall,USA,nan,
800 metres,Men,1906,1,Paul Pilgrim,USA,2:01.5,121.5
800 metres,Men,1906,2,Jim Lightbody,USA,nan,
800 metres,Men,1906,3,Wyndham Halswelle,GBR,nan,
800 metres,Men,1908,1,Mel Sheppard,USA,1:52.8,112.8
800 metres,Men,1908,2,Emilio Lunghi,ITA,1:54.2,114.2
800 metres,Men,1908,3,Hanns Braun,GER,1:55.2,115.2
800 metres,Men,1912,1,Ted Meredith,USA,1:51.9,111.9
800 metres,Men,1912,2,Mel Sheppard,USA,1:52.0,112.0
800 metres,Men,1912,3,Ira Davenport,USA,1:52.0,112.0
800 metres,Men,1920,1,Albert Hill,GBR,1:53.4,113.4
800 metres,Men,1920,2,Earl Eby,USA,1:53.6,113.6
800 metres,Men,1920,3,Bevil Rudd,RSA,1:53.6,113.6
800 metres,Men,1924,1,Douglas Lowe,GBR,1:52.4,112.4
800 metres,Men,1924,2,Paul Martin,SUI,1:52.6,112.6
800 metres,Men,1924,3,Sky Enck,USA,1:53.0,113.0
800 metres,Men,1928,1,Douglas Lowe,GBR,1:51.8,111.8
800 metres,Men,1928,2,Erik Byléhn,SWE,1:52.8,112.8
800 metres,Men,1928,3,Hermann Engelhard,GER,1:53.2,113.2
800 metres,Men,1932,1,Tommy Hampson,GBR,1:49.7,109.7
800 metres,Men,1932,2,Alex Wilson,CAN,1:49.9,109.9
800 metres,Men,1932,3,Phil Edwards,CAN,1:51.5,111.5
800 metres,Men,1936,1,John Woodruff,USA,1:52.9,112.9
800 metres,Men,1936,2,Mario Lanzi,ITA,1:53.3,113.3
800 metres,Men,1936,3,Phil Edwards,CAN,1:53.6,113.6
800 metres,Men,1948,1,Mal Whitfield,USA,1:49.2,109.2
800 metres,Men,1948,2,Arthur Wint,JAM,1:49.5,109.5
800 metres,Men,1948,3,Marcel Hansenne,FRA,1:49.8,109.8
800 metres,Men,1952,1,Mal Whitfield,USA,1:49.2,109.2
800 metres,Men,1952,2,Arthur Wint,JAM,1:49.4,109.4
800 metres,Men,1952,3,Heinz Ulzheimer,GER,1:49.7,109.7
800 metres,Men,1956,1,Tom Courtney,USA,1:47.7,107.7
800 metres,Men,1956,2,Derek Johnson,GBR,1:47.8,107.8
800 metres,Men,1956,3,Audun Boysen,NOR,1:48.1,108.1
800 metres,Men,1960,1,Peter Snell,NZL,1:46.3,106.3
800 metres,Men,1960,2,Roger Moens,BEL,1:46.5,106.5
800 metres,Men,1960,3,George Kerr,WIF,1:47.1,107.1
800 metres,Men,1964,1,Peter Snell,NZL,1:45.1,105.1
800 metres,Men,1964,2,Bill Crothers,CAN,1:45.6,105.6
800 metres,Men,1964,3,Wilson Kiprugut,KEN,1:45.9,105.9
800 metres,Men,1968,1,Ralph Doubell,AUS,1:44.3,104.3
800 metres,Men,1968,2,Wilson Kiprugut,KEN,1:44.5,104.5
800 metres,Men,1968,3,Tom Farrell,USA,1:45.4,105.4
800 metres,Men,1972,1,Dave Wottle,USA,1:45.86,105.86
800 metres,Men,1972,2,Yevgeny Arzhanov,URS,1:45.89,105.89
800 metres,Men,1972,3,Mike Boit,KEN,1:46.01,106.00999999999999
800 metres,Men,1976,1,Alberto Juantorena,CUB,1:43.50,103.5
800 metres,Men,1976,2,Ivo Van Damme,BEL,1:43.86,103.86
800 metres,Men,1976,3,Rick Wohlhuter,USA,1:44.12,104.12
800 metres,Men,1980,1,Steve Ovett,GBR,1:45.4,105.4
800 metres,Men,1980,2,Seb Coe,GBR,1:45.9,105.9
800 metres,Men,1980,3,Nikolay Kirov,URS,1:46.0,106.0
800 metres,Men,1984,1,Joaquim Cruz,BRA,1:43.00,103.0
800 metres,Men,1984,2,Seb Coe,GBR,1:43.64,103.64
800 metres,Men,1984,3,Earl Jones,USA,1:43.83,103.83
800 metres,Men,1988,1,Paul Ereng,KEN,1:43.45,103.45
800 metres,Men,1988,2,Joaquim Cruz,BRA,1:43.90,103.9
800 metres,Men,1988,3,Saïd Aouita,MAR,1:44.06,104.06
800 metres,Men,1992,1,William Tanui,KEN,1:43.66,103.66
800 metres,Men,1992,2,Nixon Kiprotich,KEN,1:43.70,103.7
800 metres,Men,1992,3,Johnny Gray,USA,1:43.97,103.97
800 metres,Men,1996,1,Vebjørn Rodal,NOR,1:42.58,102.58
800 metres,Men,1996,2,Hezekiél Sepeng,RSA,1:42.74,102.74000000000001
800 metres,Men,1996,3,Fred Onyancha,KEN,1:42.79,102.78999999999999
800 metres,Men,2000,1,Nils Schumann,GER,1:45.08,105.08
800 metres,Men,2000,2,Wilson Kipketer,DEN,1:45.14,105.14
800 metres,Men,2000,3,Djabir Saïd-Guerni,ALG,1:45.16,105.16
800 metres,Men,2004,1,Yury Borzakovsky,RUS,1:44.45,104.45
800 metres,Men,2004,2,Mbulaeni Mulaudzi,RSA,1:44.61,104.61
800 metres,Men,2004,3,Wilson Kipketer,DEN,1:44.65,104.65
800 metres,Men,2008,1,Wilfred Bungei,KEN,1:44.65,104.65
800 metres,Men,2008,2,Ismail Ahmed Ismail,SUD,1:44.70,104.7
800 metres,Men,2008,3,Alfred Kirwa Yego,KEN,1:44.82,104.82
800 metres,Men,2012,1,David Rudisha,KEN,1:40.91,100.91
800 metres,Men,2012,2,Nijel Amos,BOT,1:41.73,101.72999999999999
800 metres,Men,2012,3,Timothy Kitum,KEN,1:42.53,102.53
800 metres,Men,2016,1,David Rudisha,KEN,1:42.15,102.15
800 metres,Men,2016,2,Taoufik Makhloufi,ALG,1:42.61,102.61
800 metres,Men,2016,3,Clayton Murphy,USA,1:42.93,102.93
800 metres,Women,1928,1,Lina Radke-Batschauer,GER,2:16.8,136.8
800 metres,Women,1928,2,Kinue Hitomi,JPN,2:17.6,137.6
800 metres,Women,1928,3,Inga Gentzel,SWE,2:17.8,137.8
800 metres,Women,1960,1,Lyudmila Lysenko,URS,2:04.3,124.3
800 metres,Women,1960,2,Brenda Jones,AUS,2:04.4,124.4
800 metres,Women,1960,3,Ulla Donath,GER,2:05.6,125.6
800 metres,Women,1964,1,Ann Packer,GBR,2:01.1,121.1
800 metres,Women,1964,2,Maryvonne Dupureur,FRA,2:01.9,121.9
800 metres,Women,1964,3,Marise Chamberlain,NZL,2:02.8,122.8
800 metres,Women,1968,1,Madeline Manning,USA,2:00.9,120.9
800 metres,Women,1968,2,Ileana Silai,ROU,2:02.5,122.5
800 metres,Women,1968,3,Mia Gommers,NED,2:02.6,122.6
800 metres,Women,1972,1,Hildegard Falck,FRG,1:58.55,118.55
800 metres,Women,1972,2,Nijolė Sabaitė,URS,1:58.65,118.65
800 metres,Women,1972,3,Gunhild Hoffmeister,GDR,1:59.19,119.19
800 metres,Women,1976,1,Tatyana Kazankina,URS,1:54.94,114.94
800 metres,Women,1976,2,Nikolina Shtereva,BUL,1:55.42,115.42
800 metres,Women,1976,3,Elfi Zinn,GDR,1:55.60,115.6
800 metres,Women,1980,1,Nadezhda Olizarenko,URS,1:53.5,113.5
800 metres,Women,1980,2,Olga Syrovatskaya-Mineyeva,URS,1:54.9,114.9
800 metres,Women,1980,3,Tatyana Providokhina,URS,1:55.5,115.5
800 metres,Women,1984,1,Doina Melinte,ROU,1:57.60,117.6
800 metres,Women,1984,2,Kim Gallagher,USA,1:58.63,118.63
800 metres,Women,1984,3,Fița Lovin,ROU,1:58.83,118.83
800 metres,Women,1988,1,Sigrun Wodars,GDR,1:56.10,116.1
800 metres,Women,1988,2,Christine Wachtel,GDR,1:56.64,116.64
800 metres,Women,1988,3,Kim Gallagher,USA,1:56.91,116.91
800 metres,Women,1992,1,Ellen van Langen,NED,1:55.54,115.53999999999999
800 metres,Women,1992,2,Liliya Nurutdinova,EUN,1:55.99,115.99000000000001
800 metres,Women,1992,3,Ana Fidelia Quirós,CUB,1:56.80,116.8
800 metres,Women,1996,1,Svetlana Masterkova,RUS,1:57.73,117.72999999999999
800 metres,Women,1996,2,Ana Fidelia Quirós,CUB,1:58.11,118.11
800 metres,Women,1996,3,Maria Mutola,MOZ,1:58.71,118.71000000000001
800 metres,Women,2000,1,Maria Mutola,MOZ,1:56.15,116.15
800 metres,Women,2000,2,Steffi Graf,AUT,1:56.64,116.64
800 metres,Women,2000,3,Kelly Holmes,GBR,1:56.80,116.8
800 metres,Women,2004,1,Kelly Holmes,GBR,1:56.38,116.38
800 metres,Women,2004,2,Hasna Benhassi,MAR,1:56.43,116.43
800 metres,Women,2004,3,Jolanda Čeplak,SLO,1:56.43,116.43
800 metres,Women,2008,1,Pamela Jelimo,KEN,1:54.87,114.87
800 metres,Women,2008,2,Janeth Jepkosgei,KEN,1:56.07,116.07
800 metres,Women,2008,3,Hasna Benhassi,MAR,1:56.73,116.72999999999999
800 metres,Women,2012,1,Caster Semenya,RSA,1:57.23,117.22999999999999
800 metres,Women,2012,2,Yekaterina Poistogova,RUS,1:57.53,117.53
800 metres,Women,2012,3,Pamela Jelimo,KEN,1:57.59,117.59
800 metres,Women,2016,1,Caster Semenya,RSA,1:55.28,115.28
800 metres,Women,2016,2,Francine Niyonsaba,BDI,1:56.49,116.49000000000001
800 metres,Women,2016,3,Margaret Wambui,KEN,1:56.89,116.89
"1,500 metres",Men,1906,1,Jim Lightbody,USA,4:12.0,252.0
"1,500 metres",Men,1906,2,John McGough,GBR,4:12.6,252.6
"1,500 metres",Men,1906,3,Kristian Hellström,SWE,4:13.4,253.4
"1,500 metres",Men,1908,1,Mel Sheppard,USA,4:03.4,243.4
"1,500 metres",Men,1908,2,Harold Wilson,GBR,4:03.6,243.6
"1,500 metres",Men,1908,3,Norman Hallows,GBR,4:04.0,244.0
"1,500 metres",Men,1912,1,Arnold Jackson,GBR,3:56.8,236.8
"1,500 metres",Men,1912,2,Abel Kiviat,USA,3:56.9,236.9
"1,500 metres",Men,1912,3,Norm Taber,USA,3:56.9,236.9
"1,500 metres",Men,1920,1,Albert Hill,GBR,4:01.8,241.8
"1,500 metres",Men,1920,2,Philip Baker,GBR,nan,
"1,500 metres",Men,1920,3,Larry Shields,USA,nan,
"1,500 metres",Men,1924,1,Paavo Nurmi,FIN,3:53.6,233.6
"1,500 metres",Men,1924,2,Willy Schärer,SUI,3:55.0,235.0
"1,500 metres",Men,1924,3,Henry Stallard,GBR,3:55.6,235.6
"1,500 metres",Men,1928,1,Harri Larva,FIN,3:53.2,233.2
"1,500 metres",Men,1928,2,Jules Ladoumègue,FRA,3:53.8,233.8
"1,500 metres",Men,1928,3,Eino Purje,FIN,3:56.4,236.4
"1,500 metres",Men,1932,1,Luigi Beccali,ITA,3:51.2,231.2
"1,500 metres",Men,1932,2,Jerry Cornes,GBR,3:52.6,232.6
"1,500 metres",Men,1932,3,Phil Edwards,CAN,3:52.8,232.8
"1,500 metres",Men,1936,1,Jack Lovelock,NZL,3:47.8,227.8
"1,500 metres",Men,1936,2,Glenn Cunningham,USA,3:48.4,228.4
"1,500 metres",Men,1936,3,Luigi Beccali,ITA,3:49.2,229.2
"1,500 metres",Men,1948,1,Henry Eriksson,SWE,3:49.8,229.8
"1,500 metres",Men,1948,2,Lennart Strand,SWE,3:50.4,230.4
"1,500 metres",Men,1948,3,Wim Slijkhuis,NED,3:50.4,230.4
"1,500 metres",Men,1952,1,Josy Barthel,LUX,3:45.2,225.2
"1,500 metres",Men,1952,2,Bob McMillen,USA,3:45.2,225.2
"1,500 metres",Men,1952,3,Werner Lueg,GER,3:45.4,225.4
"1,500 metres",Men,1956,1,Ronnie Delany,IRL,3:41.2,221.2
"1,500 metres",Men,1956,2,Klaus Richtzenhain,GER,3:42.0,222.0
"1,500 metres",Men,1956,3,John Landy,AUS,3:42.0,222.0
"1,500 metres",Men,1960,1,Herb Elliott,AUS,3:35.6,215.6
"1,500 metres",Men,1960,2,Michel Jazy,FRA,3:38.4,218.4
"1,500 metres",Men,1960,3,István Rózsavölgyi,HUN,3:39.2,219.2
"1,500 metres",Men,1964,1,Peter Snell,NZL,3:38.1,218.1
"1,500 metres",Men,1964,2,Josef Odložil,TCH,3:39.6,219.6
"1,500 metres",Men,1964,3,John Davies,NZL,3:39.6,219.6
"1,500 metres",Men,1968,1,Kip Keino,KEN,3:34.9,214.9
"1,500 metres",Men,1968,2,Jim Ryun,USA,3:37.8,217.8
"1,500 metres",Men,1968,3,Bodo Tümmler,FRG,3:39.0,219.0
"1,500 metres",Men,1972,1,Pekka Vasala,FIN,3:36.33,216.32999999999998
"1,500 metres",Men,1972,2,Kip Keino,KEN,3:36.81,216.81
"1,500 metres",Men,1972,3,Rod Dixon,NZL,3:37.46,217.46
"1,500 metres",Men,1976,1,John Walker,NZL,3:39.17,219.17000000000002
"1,500 metres",Men,1976,2,Ivo Van Damme,BEL,3:39.27,219.27
"1,500 metres",Men,1976,3,Paul-Heinz Wellmann,FRG,3:39.33,219.32999999999998
"1,500 metres",Men,1980,1,Seb Coe,GBR,3:38.4,218.4
"1,500 metres",Men,1980,2,Jürgen Straub,GDR,3:38.8,218.8
"1,500 metres",Men,1980,3,Steve Ovett,GBR,3:39.0,219.0
"1,500 metres",Men,1984,1,Seb Coe,GBR,3:32.53,212.53
"1,500 metres",Men,1984,2,Steve Cram,GBR,3:33.40,213.4
"1,500 metres",Men,1984,3,José Manuel Abascal,ESP,3:34.30,214.3
"1,500 metres",Men,1988,1,Peter Rono,KEN,3:35.96,215.96
"1,500 metres",Men,1988,2,Peter Elliott,GBR,3:36.15,216.15
"1,500 metres",Men,1988,3,Jens-Peter Herold,GDR,3:36.21,216.21
"1,500 metres",Men,1992,1,Fermín Cacho,ESP,3:40.12,220.12
"1,500 metres",Men,1992,2,Rachid El-Basir,MAR,3:40.62,220.62
"1,500 metres",Men,1992,3,Mohamed Suleiman,QAT,3:40.69,220.69
"1,500 metres",Men,1996,1,Noureddine Morceli,ALG,3:35.78,215.78
"1,500 metres",Men,1996,2,Fermín Cacho,ESP,3:36.40,216.4
"1,500 metres",Men,1996,3,Stephen Kipkorir,KEN,3:36.72,216.72
"1,500 metres",Men,2000,1,Noah Ngeny,KEN,3:32.07,212.07
"1,500 metres",Men,2000,2,Hicham El Guerrouj,MAR,3:32.32,212.32
"1,500 metres",Men,2000,3,Bernard Lagat,KEN,3:32.44,212.44
"1,500 metres",Men,2004,1,Hicham El Guerrouj,MAR,3:34.18,214.18
"1,500 metres",Men,2004,2,Bernard Lagat,KEN,3:34.30,214.3
"1,500 metres",Men,2004,3,Rui Silva,POR,3:34.68,214.68
"1,500 metres",Men,2008,1,Asbel Kiprop,KEN,3:33.11,213.11
"1,500 metres",Men,2008,2,Nick Willis,NZL,3:34.16,214.16
"1,500 metres",Men,2008,3,Mehdi Baala,FRA,3:34.21,214.21
"1,500 metres",Men,2012,1,Taoufik Makhloufi,ALG,3:34.08,214.07999999999998
"1,500 metres",Men,2012,2,Leo Manzano,USA,3:34.79,214.79
"1,500 metres",Men,2012,3,Abdalaati Iguider,MAR,3:35.13,215.13
"1,500 metres",Men,2016,1,Matthew Centrowitz,USA,3:50.00,230.0
"1,500 metres",Men,2016,2,Taoufik Makhloufi,ALG,3:50.11,230.11
"1,500 metres",Men,2016,3,Nick Willis,NZL,3:50.24,230.24
"1,500 metres",Women,1972,1,Lyudmila Bragina,URS,4:01.38,241.38
"1,500 metres",Women,1972,2,Gunhild Hoffmeister,GDR,4:02.83,242.83
"1,500 metres",Women,1972,3,Paola Cacchi,ITA,4:02.85,242.85
"1,500 metres",Women,1976,1,Tatyana Kazankina,URS,4:05.48,245.48
"1,500 metres",Women,1976,2,Gunhild Hoffmeister,GDR,4:06.02,246.02
"1,500 metres",Women,1976,3,Ulrike Klapezynski,GDR,4:06.09,246.09
"1,500 metres",Women,1980,1,Tatyana Kazankina,URS,3:56.6,236.6
"1,500 metres",Women,1980,2,Christiane Wartenberg,GDR,3:57.8,237.8
"1,500 metres",Women,1980,3,Nadezhda Olizarenko,URS,3:59.6,239.6
"1,500 metres",Women,1984,1,Gabriella Dorio,ITA,4:03.25,243.25
"1,500 metres",Women,1984,2,Doina Melinte,ROU,4:03.76,243.76
"1,500 metres",Women,1984,3,Maricica Puică,ROU,4:04.15,244.15
"1,500 metres",Women,1988,1,Paula Ivan,ROU,3:53.96,233.96
"1,500 metres",Women,1988,2,Laimutė Baikauskaitė,URS,4:00.24,240.24
"1,500 metres",Women,1988,3,Tetiana Samolenko,URS,4:00.30,240.3
"1,500 metres",Women,1992,1,Hassiba Boulmerka,ALG,3:55.30,235.3
"1,500 metres",Women,1992,2,Lyudmila Rogachova,EUN,3:56.91,236.91
"1,500 metres",Women,1992,3,Qu Yunxia,CHN,3:57.08,237.07999999999998
"1,500 metres",Women,1996,1,Svetlana Masterkova,RUS,4:00.83,240.83
"1,500 metres",Women,1996,2,Gabriela Szabo,ROU,4:01.54,241.54
"1,500 metres",Women,1996,3,Theresia Kiesl,AUT,4:03.02,243.02
"1,500 metres",Women,2000,1,Nouria Mérah-Benida,ALG,4:05.10,245.1
"1,500 metres",Women,2000,2,Violeta Szekely,ROU,4:05.15,245.15
"1,500 metres",Women,2000,3,Gabriela Szabo,ROU,4:05.27,245.27
"1,500 metres",Women,2004,1,Kelly Holmes,GBR,3:57.90,237.9
"1,500 metres",Women,2004,2,Tatyana Tomashova,RUS,3:58.12,238.12
"1,500 metres",Women,2004,3,Maria Cioncan,ROU,3:58.39,238.39
"1,500 metres",Women,2008,1,Nancy Langat,KEN,4:00.23,240.23
"1,500 metres",Women,2008,2,Iryna Lishchynska,UKR,4:01.63,241.63
"1,500 metres",Women,2008,3,Nataliya Tobias,UKR,4:01.78,241.78
"1,500 metres",Women,2012,1,Maryam Jamal,BRN,4:10.74,250.74
"1,500 metres",Women,2012,2,Tatyana Tomashova,RUS,4:10.90,250.9
"1,500 metres",Women,2012,3,Abeba Aregawi,ETH,4:11.03,251.03
"1,500 metres",Women,2016,1,Faith Kibiegon,KEN,4:08.92,248.92
"1,500 metres",Women,2016,2,Genzebe Dibaba,ETH,4:10.27,250.27
"1,500 metres",Women,2016,3,Jenny Simpson,USA,4:10.53,250.53
"5,000 metres",Men,1912,1,Hannes Kolehmainen,FIN,14:36.6,876.6
"5,000 metres",Men,1912,2,Jean Bouin,FRA,14:36.7,876.7
"5,000 metres",Men,1912,3,George Hutson,GBR,15:07.6,907.6
"5,000 metres",Men,1920,1,Joseph Guillemot,FRA,14:55.6,895.6
"5,000 metres",Men,1920,2,Paavo Nurmi,FIN,15:00.0,900.0
"5,000 metres",Men,1920,3,Eric Backman,SWE,15:13.0,913.0
"5,000 metres",Men,1924,1,Paavo Nurmi,FIN,14:31.2,871.2
"5,000 metres",Men,1924,2,Ville Ritola,FIN,14:31.4,871.4
"5,000 metres",Men,1924,3,Edvin Wide,SWE,15:01.8,901.8
"5,000 metres",Men,1928,1,Ville Ritola,FIN,14:38.0,878.0
"5,000 metres",Men,1928,2,Paavo Nurmi,FIN,14:40.0,880.0
"5,000 metres",Men,1928,3,Edvin Wide,SWE,14:41.2,881.2
"5,000 metres",Men,1932,1,Lauri Lehtinen,FIN,14:30.0,870.0
"5,000 metres",Men,1932,2,Ralph Hill,USA,14:30.0,870.0
"5,000 metres",Men,1932,3,Lasse Virtanen,FIN,14:44.0,884.0
"5,000 metres",Men,1936,1,Gunnar Höckert,FIN,14:22.2,862.2
"5,000 metres",Men,1936,2,Lauri Lehtinen,FIN,14:25.8,865.8
"5,000 metres",Men,1936,3,Henry Jonsson,SWE,14:29.0,869.0
"5,000 metres",Men,1948,1,Gaston Reiff,BEL,14:17.6,857.6
"5,000 metres",Men,1948,2,Emil Zátopek,TCH,14:17.8,857.8
"5,000 metres",Men,1948,3,Wim Slijkhuis,NED,14:26.8,866.8
"5,000 metres",Men,1952,1,Emil Zátopek,TCH,14:06.6,846.6
"5,000 metres",Men,1952,2,Alain Mimoun,FRA,14:07.4,847.4
"5,000 metres",Men,1952,3,Herbert Schade,GER,14:08.6,848.6
"5,000 metres",Men,1956,1,Vladimir Kuts,URS,13:39.6,819.6
"5,000 metres",Men,1956,2,Gordon Pirie,GBR,13:50.6,830.6
"5,000 metres",Men,1956,3,Derek Ibbotson,GBR,13:54.4,834.4
"5,000 metres",Men,1960,1,Murray Halberg,NZL,13:43.4,823.4
"5,000 metres",Men,1960,2,Hans Grodotzki,GER,13:44.6,824.6
"5,000 metres",Men,1960,3,Kazimierz Zimny,POL,13:44.8,824.8
"5,000 metres",Men,1964,1,Bob Schul,USA,13:48.8,828.8
"5,000 metres",Men,1964,2,Harald Norpoth,GER,13:49.6,829.6
"5,000 metres",Men,1964,3,Bill Dellinger,USA,13:49.8,829.8
"5,000 metres",Men,1968,1,Mohamad Gammoudi,TUN,14:05.0,845.0
"5,000 metres",Men,1968,2,Kip Keino,KEN,14:05.2,845.2
"5,000 metres",Men,1968,3,Naftali Temu,KEN,14:06.4,846.4
"5,000 metres",Men,1972,1,Lasse Virén,FIN,13:26.42,806.42
"5,000 metres",Men,1972,2,Mohamad Gammoudi,TUN,13:27.33,807.33
"5,000 metres",Men,1972,3,Ian Stewart,GBR,13:27.61,807.61
"5,000 metres",Men,1976,1,Lasse Virén,FIN,13:24.76,804.76
"5,000 metres",Men,1976,2,Dick Quax,NZL,13:25.16,805.16
"5,000 metres",Men,1976,3,Klaus-Peter Hildenbrand,FRG,13:25.38,805.38
"5,000 metres",Men,1980,1,Miruts Yifter,ETH,13:21.0,801.0
"5,000 metres",Men,1980,2,Suleiman Nyambui,TAN,13:21.6,801.6
"5,000 metres",Men,1980,3,Kaarlo Maaninka,FIN,13:22.0,802.0
"5,000 metres",Men,1984,1,Saïd Aouita,MAR,13:05.59,785.59
"5,000 metres",Men,1984,2,Markus Ryffel,SUI,13:07.54,787.54
"5,000 metres",Men,1984,3,António Leitão,POR,13:09.20,789.2
"5,000 metres",Men,1988,1,John Ngugi,KEN,13:11.70,791.7
"5,000 metres",Men,1988,2,Dieter Baumann,FRG,13:15.52,795.52
"5,000 metres",Men,1988,3,Hansjörg Kunze,GDR,13:15.73,795.73
"5,000 metres",Men,1992,1,Dieter Baumann,GER,13:12.52,792.52
"5,000 metres",Men,1992,2,Paul Bitok,KEN,13:12.71,792.71
"5,000 metres",Men,1992,3,Fita Bayissa,ETH,13:13.03,793.03
"5,000 metres",Men,1996,1,Vénuste Niyongabo,BDI,13:07.96,787.96
"5,000 metres",Men,1996,2,Paul Bitok,KEN,13:08.16,788.16
"5,000 metres",Men,1996,3,Khalid Boulami,MAR,13:08.37,788.37
"5,000 metres",Men,2000,1,Million Wolde,ETH,13:35.49,815.49
"5,000 metres",Men,2000,2,Ali Saïdi-Sief,ALG,13:36.20,816.2
"5,000 metres",Men,2000,3,Brahim Lahlafi,MAR,13:36.47,816.47
"5,000 metres",Men,2004,1,Hicham El Guerrouj,MAR,13:14.39,794.39
"5,000 metres",Men,2004,2,Kenenisa Bekele,ETH,13:14.59,794.59
"5,000 metres",Men,2004,3,Eliud Kipchoge,KEN,13:15.10,795.1
"5,000 metres",Men,2008,1,Kenenisa Bekele,ETH,12:57.82,777.82
"5,000 metres",Men,2008,2,Eliud Kipchoge,KEN,13:02.80,782.8
"5,000 metres",Men,2008,3,Edwin Soi,KEN,13:06.22,786.22
"5,000 metres",Men,2012,1,Mo Farah,GBR,13:41.66,821.66
"5,000 metres",Men,2012,2,Dejen Gebremeskel,ETH,13:41.98,821.98
"5,000 metres",Men,2012,3,Thomas Longosiwa,KEN,13:42.36,822.36
"5,000 metres",Men,2016,1,Mo Farah,GBR,13:03.30,783.3
"5,000 metres",Men,2016,2,Paul Chelimo,USA,13:03.90,783.9
"5,000 metres",Men,2016,3,Hagos Gebrhiwet,ETH,13:04.35,784.35
"5,000 metres",Women,1996,1,Wang Junxia,CHN,14:59.88,899.88
"5,000 metres",Women,1996,2,Pauline Konga,KEN,15:03.49,903.49
"5,000 metres",Women,1996,3,Roberta Brunet,ITA,15:07.52,907.52
"5,000 metres",Women,2000,1,Gabriela Szabo,ROU,14:40.79,880.79
"5,000 metres",Women,2000,2,Sonia O'Sullivan,IRL,14:41.02,881.02
"5,000 metres",Women,2000,3,Gete Wami,ETH,14:42.23,882.23
"5,000 metres",Women,2004,1,Meseret Defar,ETH,14:45.65,885.65
"5,000 metres",Women,2004,2,Isabella Ochichi,KEN,14:48.19,888.19
"5,000 metres",Women,2004,3,Tirunesh Dibaba,ETH,14:51.83,891.83
"5,000 metres",Women,2008,1,Tirunesh Dibaba,ETH,15:41.40,941.4
"5,000 metres",Women,2008,2,Meseret Defar,ETH,15:44.12,944.12
"5,000 metres",Women,2008,3,Sylvia Kibet,KEN,15:44.96,944.96
"5,000 metres",Women,2012,1,Meseret Defar,ETH,15:04.25,904.25
"5,000 metres",Women,2012,2,Vivian Cheruiyot,KEN,15:04.73,904.73
"5,000 metres",Women,2012,3,Tirunesh Dibaba,ETH,15:05.15,905.15
"5,000 metres",Women,2016,1,Vivian Cheruiyot,KEN,14:26.17,866.17
"5,000 metres",Women,2016,2,Hellen Obiri,KEN,14:29.77,869.77
"5,000 metres",Women,2016,3,Almaz Ayana,ETH,14:33.59,873.59
"10,000 metres",Men,1912,1,Hannes Kolehmainen,FIN,31:20.8,1880.8
"10,000 metres",Men,1912,2,Lewis Tewanima,USA,32:06.6,1926.6
"10,000 metres",Men,1912,3,Albin Stenroos,FIN,32:21.8,1941.8
"10,000 metres",Men,1920,1,Paavo Nurmi,FIN,31:45.8,1905.8
"10,000 metres",Men,1920,2,Joseph Guillemot,FRA,31:50.5,1910.5
"10,000 metres",Men,1920,3,James Wilson,GBR,31:56,1916.0
"10,000 metres",Men,1972,1,Lasse Virén,FIN,27:38.35,1658.35
"10,000 metres",Men,1972,2,Miel Puttemans,BEL,27:39.58,1659.58
"10,000 metres",Men,1972,3,Miruts Yifter,ETH,27:40.96,1660.96
"10,000 metres",Men,1976,1,Lasse Virén,FIN,27:40.38,1660.38
"10,000 metres",Men,1976,2,Carlos Lopes,POR,27:45.17,1665.17
"10,000 metres",Men,1976,3,Brendan Foster,GBR,27:54.92,1674.92
"10,000 metres",Men,1980,1,Miruts Yifter,ETH,27:42.7,1662.7
"10,000 metres",Men,1980,2,Kaarlo Maaninka,FIN,27:44.3,1664.3
"10,000 metres",Men,1980,3,Mohamed Kedir,ETH,27:44.7,1664.7
"10,000 metres",Men,1984,1,Alberto Cova,ITA,27:47.54,1667.54
"10,000 metres",Men,1984,2,Mike McLeod,GBR,28:06.22,1686.22
"10,000 metres",Men,1984,3,Mike Musyoki,KEN,28:06.46,1686.46
"10,000 metres",Men,1988,1,Brahim Boutayeb,MAR,27:21.46,1641.46
"10,000 metres",Men,1988,2,Salvatore Antibo,ITA,27:23.55,1643.55
"10,000 metres",Men,1988,3,Kipkemboi Kimeli,KEN,27:25.16,1645.16
"10,000 metres",Men,1992,1,Khalid Skah,MAR,27:46.70,1666.7
"10,000 metres",Men,1992,2,Richard Chelimo,KEN,27:47.72,1667.72
"10,000 metres",Men,1992,3,Addis Abebe,ETH,28:00.07,1680.07
"10,000 metres",Men,1996,1,Haile Gebrselassie,ETH,27:07.34,1627.34
"10,000 metres",Men,1996,2,Paul Tergat,KEN,27:08.17,1628.17
"10,000 metres",Men,1996,3,Salah Hissou,MAR,27:24.67,1644.67
"10,000 metres",Men,2000,1,Haile Gebrselassie,ETH,27:18.20,1638.2
"10,000 metres",Men,2000,2,Paul Tergat,KEN,27:18.29,1638.29
"10,000 metres",Men,2000,3,Assefa Mezgebu,ETH,27:19.75,1639.75
"10,000 metres",Women,1988,1,Olga Bondarenko,URS,31:05.21,1865.21
"10,000 metres",Women,1988,2,Liz McColgan,GBR,31:08.44,1868.44
"10,000 metres",Women,1988,3,Yelena Zhupiyeva,URS,31:19.82,1879.82
"10,000 metres",Women,1992,1,Derartu Tulu,ETH,31:06.02,1866.02
"10,000 metres",Women,1992,2,Elana Meyer,RSA,31:11.75,1871.75
"10,000 metres",Women,1992,3,Lynn Jennings,USA,31:19.89,1879.89
"10,000 metres",Women,1996,1,Fernanda Ribeiro,POR,31:01.63,1861.63
"10,000 metres",Women,1996,2,Wang Junxia,CHN,31:02.58,1862.58
"10,000 metres",Women,1996,3,Gete Wami,ETH,31:06.65,1866.65
"10,000 metres",Women,2000,1,Derartu Tulu,ETH,30:17.49,1817.49
"10,000 metres",Women,2000,2,Gete Wami,ETH,30:22.48,1822.48
"10,000 metres",Women,2000,3,Fernanda Ribeiro,POR,30:22.88,1822.88
